sex,speaks_to,soar_throat,age,pitch
male,child,healthy,23,144.15543074083573
male,adult,healthy,25,133.0894888112857
male,child,healthy,24,129.82363593198838
male,adult,soar,25,70.64363804341748
male,child,soar,24,73.8928308852632
male,child,soar,25,96.02213450211246
male,adult,healthy,24,176.1855763758885
male,child,soar,23,127.86333464368442
male,child,healthy,26,144.90078688674762
male,adult,healthy,23,117.81562578448136
male,adult,healthy,23,98.51399948049297
male,child,healthy,25,162.75302299847334
male,child,soar,24,82.47622994670175
male,child,soar,24,100.57867083438185
male,adult,healthy,26,131.79999591910547
male,child,soar,25,94.7883582719421
male,child,healthy,23,148.79362554996825
male,adult,healthy,26,128.26057715932126
male,child,healthy,25,154.4353310685549
male,adult,healthy,25,97.23652880316263
male,child,soar,22,90.35689999507285
male,child,healthy,23,135.9447552725263
male,child,healthy,27,159.79385342671156
male,adult,healthy,25,129.41784500774259
male,adult,soar,22,90.5663892565637
male,child,healthy,25,131.4374459268404
male,child,healthy,24,152.58555191680958
male,adult,healthy,27,136.56366357898736
male,adult,soar,23,123.43760744051548
male,adult,healthy,23,131.86205695276476
male,adult,healthy,23,170.6399077039722
male,adult,healthy,24,87.06515494826601
male,adult,healthy,23,80.97278861834837
male,adult,healthy,28,127.62937078944483
male,adult,healthy,28,139.42435251030972
male,adult,soar,26,95.94934030803216
male,child,healthy,24,105.571358851489
male,child,healthy,26,165.13628062082492
male,adult,healthy,23,158.5686522433349
male,adult,soar,20,92.2867148817854
male,adult,soar,25,94.52232498203539
male,adult,soar,24,80.24072709773932
male,adult,soar,24,69.25117619693741
male,adult,soar,27,102.22788002189931
male,child,soar,25,99.33651585303596
male,adult,soar,22,58.54588426867296
male,adult,healthy,26,147.2497776023057
male,child,healthy,23,159.98609906083752
male,child,healthy,25,108.0617430128434
male,adult,soar,23,77.37817458104229
male,child,soar,26,131.36573563882715
male,adult,healthy,24,153.0836938566113
male,child,soar,24,75.5842414400542
male,child,healthy,25,134.1464355896473
male,child,healthy,19,149.024540648512
male,child,soar,24,106.55057269017522
male,child,soar,24,110.69076531816239
male,adult,healthy,23,113.20587111226712
male,adult,healthy,31,117.50550501063529
male,child,healthy,22,134.61041674962937
male,child,soar,22,106.60839510317436
male,child,soar,25,102.83690196599882
male,adult,healthy,25,169.97438172954656
male,child,soar,23,115.33959751337909
male,child,healthy,22,175.30182483220005
male,adult,soar,25,149.320111240381
male,adult,soar,24,99.98781747773917
male,adult,healthy,21,129.25802570671596
male,child,soar,22,111.82270709371521
male,child,healthy,22,121.21140788779235
male,adult,healthy,25,102.82087219462323
male,adult,healthy,25,153.84444915094136
male,child,soar,26,131.82039192234222
male,child,soar,23,106.07670184923253
male,adult,soar,23,122.58113980117125
male,child,soar,26,122.94433904256154
male,adult,healthy,24,148.09896951636824
male,adult,healthy,24,137.07495786272995
male,adult,healthy,23,93.78778154384386
male,child,soar,26,90.69436380852892
male,adult,soar,24,104.8788950642688
male,adult,soar,24,115.89235986155494
male,adult,soar,26,96.67384660905788
male,adult,healthy,25,97.98648608821725
male,adult,healthy,26,141.10252462017488
male,adult,healthy,24,187.57862824829914
male,child,healthy,26,162.74567160569896
male,adult,healthy,26,160.8397406249448
male,child,soar,24,112.99521189564096
male,adult,healthy,26,116.53830486270147
male,adult,soar,24,69.90882086012603
male,child,soar,25,130.47255720095447
male,adult,healthy,23,135.4080664709214
male,child,soar,25,82.15295884499886
male,adult,healthy,23,107.39818094904727
male,adult,healthy,24,134.79997317064135
male,child,soar,25,102.44488236444717
male,child,soar,27,116.87708874124742
male,adult,healthy,26,111.07600677592393
male,child,soar,25,87.16134930041184
male,child,healthy,21,121.60115337746055
male,child,soar,26,109.18644726039969
male,child,soar,21,129.50424173253984
male,adult,soar,23,95.40892191155986
male,child,soar,26,125.63250060456285
male,child,soar,25,101.24467472965341
male,child,soar,23,94.42569086904439
male,child,soar,24,120.7152974273505
male,child,soar,25,120.29025325821473
male,adult,soar,27,83.73521366511132
male,adult,soar,23,95.14962555839699
male,adult,healthy,22,156.43081033091195
male,child,soar,23,108.05037722821507
male,child,soar,23,128.26229259381333
male,child,soar,24,70.05730201526875
male,child,soar,25,73.10430027649328
male,adult,soar,23,89.79996915783045
male,adult,healthy,23,145.37230399304914
male,adult,healthy,22,107.18761126765393
male,adult,healthy,23,157.5248282760888
male,adult,soar,23,87.95243760201437
male,adult,soar,25,121.5075865281896
male,adult,soar,26,124.9110673903866
male,child,soar,24,123.80182797020761
male,adult,soar,25,105.06548210584691
male,child,healthy,24,143.18838934863734
male,adult,soar,25,154.12503442282494
male,child,healthy,23,199.15854209476265
male,adult,healthy,25,167.5830078523653
male,child,healthy,25,154.87179337697617
male,child,healthy,23,121.66242352564903
male,adult,healthy,23,113.72761373720418
male,adult,soar,23,117.6458166789452
male,adult,healthy,25,128.45940564232043
male,adult,soar,21,108.45191179037808
male,adult,soar,23,90.60273535579404
male,adult,soar,24,82.7546943878447
male,adult,soar,24,124.62317194759154
male,adult,soar,23,136.91433787400229
male,child,soar,27,103.10849336763728
male,adult,soar,23,114.1217082593084
male,child,healthy,24,135.43783069596728
male,adult,soar,22,105.81258697687531
male,adult,soar,25,85.98827261146154
male,adult,healthy,27,124.7886752874559
male,adult,healthy,23,139.081302259881
male,child,soar,25,80.70101730212133
male,adult,soar,28,97.59624509285476
male,adult,healthy,25,162.4258840399634
male,child,soar,24,97.72768462569071
male,adult,soar,23,83.71818306076125
male,child,healthy,24,148.7622052851267
male,child,soar,24,107.09069451265663
male,child,soar,62,86.55896490935623
male,child,healthy,25,145.01511233684712
male,adult,soar,24,123.93978290263583
male,child,healthy,26,136.86369332030625
male,adult,soar,22,142.0818260332422
male,adult,soar,23,103.02711619473979
male,child,soar,26,113.44255132145467
male,child,healthy,23,159.33353530276577
male,child,healthy,23,163.99541446955794
male,child,healthy,24,125.4259897476438
male,child,healthy,22,165.71636404672614
male,child,healthy,28,124.42596921934124
male,adult,soar,21,131.8865292425531
male,adult,soar,24,122.05411224962664
male,child,soar,25,97.55324873957953
male,child,healthy,23,132.5700513125579
male,child,healthy,21,119.82325631040618
male,child,healthy,25,127.736858325552
male,child,soar,24,109.76842900486774
male,adult,soar,25,115.94251479969806
male,adult,soar,22,138.70933403014357
male,child,healthy,70,137.84146443867326
male,child,healthy,25,166.5998132369509
male,child,soar,22,122.2192885247376
male,adult,healthy,22,79.8579895333865
male,adult,healthy,27,150.21029529247343
male,child,soar,24,107.72578604461422
male,child,soar,25,89.01576494800983
male,child,soar,25,89.9297365735119
male,adult,healthy,24,140.65696226803675
male,adult,soar,25,92.8023582589043
male,adult,healthy,25,135.2281102169651
male,child,healthy,23,122.63938446878143
male,child,healthy,24,146.19319637765776
male,child,healthy,24,131.5558614246475
male,child,soar,23,84.69313046158508
male,child,soar,24,108.57269048938143
male,child,soar,23,103.89831006837723
male,adult,soar,21,98.17565517075538
male,adult,soar,25,96.214008646015
male,adult,healthy,21,160.7161796673915
male,adult,healthy,23,171.4484590601162
male,adult,healthy,25,182.20226741196723
male,adult,healthy,29,140.2481287579823
male,adult,healthy,26,146.2250564129658
male,adult,healthy,26,189.9183157173672
male,child,healthy,24,155.81245997470606
male,child,healthy,24,135.1276980303719
male,adult,healthy,24,166.046836237293
male,adult,healthy,25,151.26270542279514
male,adult,healthy,25,127.46432636389322
male,child,healthy,22,148.88919852762007
male,child,soar,25,122.4611150812899
male,child,healthy,24,117.23651606037923
male,adult,soar,24,99.96018039533506
male,adult,healthy,24,132.30046949659635
male,adult,healthy,26,141.8891695210365
male,adult,soar,24,85.43247999627562
male,child,soar,23,89.11669586333252
male,adult,soar,24,62.23035286969435
male,child,soar,22,96.25063446038678
male,child,soar,26,121.19866002731516
male,adult,soar,23,111.15083406882111
male,adult,healthy,25,186.76967453804423
male,child,healthy,22,143.70557929018727
male,adult,healthy,23,159.3850159903631
male,adult,soar,25,98.05235879530012
male,adult,healthy,26,162.15926428512995
male,child,soar,25,96.08495688278603
male,adult,healthy,24,190.26134425797036
male,child,soar,26,95.38617964862041
male,adult,healthy,24,173.82350671641467
male,adult,soar,24,117.7283021408038
male,child,soar,23,90.26043074407683
male,child,healthy,22,165.22730428570247
male,adult,soar,24,107.9872404354966
male,adult,soar,26,114.81849654827403
male,adult,healthy,25,145.78962798445943
male,adult,healthy,25,168.44110313932467
male,adult,soar,24,85.37739435937245
male,adult,healthy,24,143.08022632088438
male,child,healthy,21,126.47122366764387
male,adult,healthy,25,121.45358306336675
male,child,healthy,24,159.54330079196404
male,child,soar,22,93.48256318959817
male,adult,healthy,23,107.51453914322468
male,child,healthy,23,132.10898488991472
male,child,healthy,23,137.80117863898982
male,adult,soar,23,97.65551187922527
male,adult,soar,22,108.91255027400572
male,adult,healthy,25,131.89137844444332
male,child,soar,24,110.2534682302638
male,child,healthy,22,168.45009671028495
male,adult,soar,25,78.1024653991104
male,child,soar,27,72.16011763041249
male,adult,healthy,23,119.20397212159432
male,child,healthy,23,143.11158828032126
male,adult,healthy,21,114.02210410041565
male,adult,healthy,24,126.0441954362671
male,child,healthy,24,181.60266052657818
male,adult,soar,21,108.63235263974538
male,adult,healthy,24,131.60980214165812
male,adult,healthy,23,164.04587100144042
male,adult,healthy,24,141.64926484768492
male,child,soar,25,124.68319946387435
male,child,healthy,26,133.88203043044456
male,adult,soar,22,62.400287229674866
male,adult,soar,28,115.256038851221
male,child,soar,26,103.80328846926912
male,adult,soar,23,105.21623973178909
male,child,soar,26,143.37846791260225
male,adult,healthy,22,163.16292196373342
male,child,soar,24,111.45027677349441
male,adult,soar,23,120.89965772649447
male,child,soar,22,106.4055029327759
male,child,soar,24,105.97885119498906
male,child,soar,24,117.1078531946753
male,adult,healthy,22,159.84606284014384
male,child,healthy,26,142.92838541062767
male,adult,soar,22,138.80056642266092
male,adult,healthy,25,121.49594049380336
male,child,healthy,24,113.77124301578095
male,child,healthy,23,150.41568548956815
male,child,healthy,25,173.8667444289904
male,adult,soar,24,93.67203291100101
male,adult,healthy,23,124.01971527460506
male,adult,healthy,24,100.54084596593769
male,child,soar,24,110.85338333421367
male,child,healthy,21,157.52768050810923
male,adult,soar,23,94.25706112054101
male,adult,soar,22,86.55567743606886
male,adult,healthy,24,147.77776180928203
male,adult,healthy,25,176.64298968495555
male,adult,healthy,24,149.8784630733051
male,adult,healthy,25,149.17726641252912
male,child,healthy,25,171.08783767485153
male,child,soar,23,105.05917355624884
male,child,healthy,22,166.10957102838094
male,adult,soar,26,110.52313411004968
male,child,healthy,24,136.2170276857177
male,adult,healthy,24,142.8999308385549
male,child,soar,23,103.12108298744522
male,adult,healthy,26,175.30981313320504
male,adult,healthy,24,144.41041134041936
male,adult,healthy,25,182.02466258674406
male,child,soar,25,104.5315018335008
male,adult,healthy,24,179.18456831995678
male,child,soar,27,122.84134678243386
male,child,healthy,25,110.05064269053327
male,adult,soar,25,115.07312222261648
male,adult,soar,22,103.84704308438891
male,adult,soar,24,113.8353426916062
male,child,soar,23,103.24394664495316
male,adult,soar,22,106.96975587125405
male,adult,soar,25,75.20655203624271
male,child,soar,26,105.47111488293892
male,adult,healthy,28,122.27926908408135
male,adult,soar,24,115.7752432959483
male,child,healthy,24,157.46569380402218
male,adult,soar,24,88.32310660034676
male,adult,healthy,26,162.01628048377134
male,adult,healthy,22,158.0957245675415
male,adult,healthy,24,156.12297218489041
male,child,soar,24,137.0027715797954
male,child,healthy,24,134.5682278669486
male,child,soar,23,81.96462431522062
male,adult,healthy,26,134.8240356552214
male,adult,soar,24,90.03461066492763
male,child,soar,24,113.9984024640357
male,child,healthy,25,115.15546982736072
male,adult,soar,23,88.46214604060611
male,adult,soar,26,118.76439166881936
male,adult,healthy,24,176.39845084918778
male,child,healthy,24,150.68974997875807
male,adult,healthy,25,181.23687287505038
male,child,soar,27,117.84793081466796
male,child,healthy,22,143.93469821699136
male,adult,healthy,23,175.50162743160203
male,child,healthy,24,174.62697758778
male,adult,healthy,25,139.33116257859706
male,adult,soar,21,89.56110262234577
male,adult,soar,25,84.28216861388924
male,child,healthy,24,120.51047869219727
male,adult,healthy,24,149.3702526216609
male,child,soar,24,87.17986618701694
male,child,healthy,22,157.2057595893533
male,adult,healthy,24,188.2149966368985
male,adult,healthy,22,88.30996474523864
male,adult,healthy,23,118.4361851458386
male,adult,healthy,21,137.28166261964876
male,adult,soar,23,64.51625299202709
male,child,soar,23,103.68884220361822
male,child,healthy,24,171.7735672089469
male,child,soar,23,71.57334897738465
male,adult,healthy,22,103.6945219536428
male,child,healthy,23,121.87935742477629
male,child,soar,23,128.16219553485217
male,child,healthy,24,126.55457966241813
male,child,soar,25,85.49873994602723
male,child,healthy,22,191.5586422257379
male,child,soar,24,92.21807555580595
male,adult,soar,23,76.20772455728763
male,child,healthy,25,153.944506666937
male,child,soar,26,101.49336904087119
male,child,soar,25,123.75173625797626
male,child,soar,27,109.31710222073364
male,adult,soar,24,105.15074811637018
male,adult,soar,26,100.80584225125519
male,adult,soar,25,113.03989337427676
male,adult,soar,23,103.65537912529621
male,child,soar,26,136.28165391844908
male,child,soar,28,107.58522014130016
male,adult,soar,24,106.51161533593027
male,adult,soar,24,88.5409749339799
male,child,healthy,24,123.0829647154497
male,child,healthy,24,172.5123898279984
male,child,soar,23,83.88268135271281
male,child,healthy,23,77.7670817037386
male,child,soar,24,126.83466478180605
male,child,soar,22,96.44589868950844
male,child,healthy,24,148.10273945604962
male,child,healthy,24,161.7193738971461
male,adult,soar,26,110.78818098394228
male,child,healthy,23,135.70459590757707
male,child,soar,25,96.11771852304186
male,adult,healthy,25,129.90048292573002
male,adult,healthy,25,166.32626145438587
male,adult,healthy,25,146.19161265099774
male,adult,soar,24,101.282941803353
male,child,healthy,24,139.05280237480682
male,child,soar,23,130.58410176703552
male,adult,soar,22,57.286676896992034
male,child,healthy,25,146.06730265570909
male,adult,healthy,22,168.21525001825327
male,child,healthy,25,82.93590249642276
male,child,healthy,25,163.95703428908868
male,child,healthy,23,145.964277933705
male,adult,healthy,25,190.13820691901606
male,child,soar,23,99.20214243263501
male,child,soar,24,101.12243900151196
male,child,healthy,23,89.14762568422461
male,adult,soar,25,99.06714416596263
male,child,healthy,21,104.34078640758594
male,adult,soar,22,104.58255126566293
male,child,soar,22,106.33149274330962
male,child,healthy,26,146.39532087719238
male,child,soar,25,119.13370874915898
male,child,healthy,25,171.97756206429506
male,child,soar,24,117.86281601526304
male,child,healthy,26,156.85307302374233
male,child,healthy,25,154.86618294271713
male,adult,soar,23,85.334403170612
male,child,healthy,25,142.47835259669117
male,child,healthy,25,181.2866871989999
male,child,soar,25,88.08818308006913
male,child,soar,24,92.94394650776378
male,child,healthy,26,152.58701441419106
male,adult,healthy,26,181.2354427103566
male,child,healthy,27,176.54630523166068
male,adult,healthy,22,125.00432259268509
male,child,soar,26,106.99945676755857
male,child,soar,26,101.58797150837297
male,child,healthy,25,126.14863122847845
male,child,soar,26,107.95099621732584
male,child,healthy,23,147.80733592000615
male,child,healthy,27,146.23391791606159
male,child,soar,25,73.30980234535463
male,child,healthy,21,173.4892052394979
male,child,soar,71,110.12012815932182
male,child,healthy,24,171.75060152343065
male,adult,healthy,25,92.83049052486764
male,adult,healthy,21,128.95027900977067
male,child,soar,23,124.14537625002428
male,child,healthy,23,144.7255383312537
male,child,healthy,24,154.18934931096774
male,child,soar,22,95.0166259963634
male,child,healthy,23,179.84240262057574
male,child,healthy,23,162.21677366161794
male,adult,soar,22,82.3486462522874
male,adult,healthy,26,128.50385406351313
male,adult,healthy,24,166.60198833828974
male,adult,healthy,24,155.56538502076222
male,adult,healthy,25,143.09637176004225
male,child,healthy,21,144.03883368079374
male,child,soar,25,89.79430920631246
male,child,healthy,23,132.72700993782473
male,child,healthy,23,150.12368922945188
male,child,healthy,26,117.7655456067421
male,adult,soar,25,120.52385855855854
male,adult,healthy,24,130.55313193005412
male,child,healthy,24,185.34193225510802
male,adult,soar,22,105.07088674831041
male,child,healthy,25,187.43684819593676
male,child,soar,25,105.53302779557083
male,adult,soar,23,117.86004112993659
male,adult,healthy,27,146.31108346319107
male,adult,soar,27,94.74870633878876
male,adult,soar,22,101.35761135171455
male,child,healthy,21,138.5034784647379
male,child,healthy,25,191.8891425732196
male,adult,healthy,25,134.56804796227857
male,child,soar,26,107.97921710899176
male,adult,healthy,23,167.85147102974864
male,child,soar,24,94.54458720343659
male,child,soar,26,82.36882736973483
male,adult,healthy,23,161.46712882478906
male,child,soar,25,111.28589852550942
male,adult,healthy,24,118.57897152764318
male,adult,soar,24,101.17556274449684
male,adult,soar,22,110.97521096244763
male,adult,soar,23,108.15970300470411
male,adult,soar,21,116.41106589751482
male,adult,soar,23,112.85309865600351
male,adult,soar,23,98.24439096757872
male,child,healthy,67,147.86243927227463
male,child,soar,24,94.60523358425392
male,child,healthy,27,122.43008695836939
male,child,soar,24,100.81220061035194
male,child,soar,24,111.01153640472482
male,adult,soar,26,115.9206676646685
male,adult,healthy,24,134.6141740926293
male,adult,healthy,23,139.39023796206754
male,child,soar,24,117.80569302252013
male,child,soar,23,142.8020096614674
male,adult,healthy,23,189.0367245705782
male,child,healthy,24,156.90534821117143
male,child,healthy,24,140.40141537009586
male,child,healthy,24,132.6663308263068
male,child,soar,25,101.50622373519748
male,adult,soar,27,110.79481263607572
male,adult,soar,25,121.0766156460037
male,adult,healthy,27,138.86462639989108
male,child,healthy,22,64.23677622222327
male,adult,healthy,23,128.03621995455453
male,child,healthy,25,150.2710380044755
male,child,soar,25,122.49975329890223
male,child,soar,22,116.1303850213131
male,child,soar,23,120.52766357537136
male,child,healthy,24,170.01349901837963
male,child,soar,23,130.7233064255112
male,adult,healthy,23,141.78416137575528
male,adult,soar,25,111.55855294788972
male,adult,healthy,23,153.86703984451484
male,adult,healthy,24,149.19170791462005
male,adult,soar,24,92.07008563053601
male,child,healthy,24,149.836120629945
male,child,healthy,21,163.7610746667819
male,child,healthy,69,139.01499333479566
male,adult,healthy,23,167.01552025547053
male,child,soar,24,87.3291875344363
male,adult,soar,22,124.04063386750917
male,adult,healthy,23,134.26860959236342
male,child,healthy,25,181.79919872021452
male,child,healthy,65,189.50960873074055
male,adult,soar,23,108.0039317971151
male,adult,soar,25,90.59567029704043
male,adult,healthy,24,147.30362455323174
male,adult,soar,26,101.95084124858131
male,child,soar,25,114.84047765453354
male,adult,healthy,22,163.1044312610171
male,child,soar,24,114.16564096825716
male,adult,soar,25,85.63542675564295
male,child,soar,25,91.75158977535614
male,adult,healthy,25,98.14520906921746
male,adult,soar,20,111.56201733724008
male,adult,soar,24,123.50880724707271
male,child,soar,24,76.02420962350223
male,adult,healthy,26,142.51313090680327
male,child,soar,23,121.03595254989169
male,adult,soar,24,94.21027383339671
male,child,healthy,25,153.79644753749798
male,child,healthy,25,125.29827579480578
male,adult,healthy,23,169.63298103476737
male,child,healthy,25,164.36771853479345
male,adult,soar,25,121.80929431114635
male,adult,soar,25,84.64200453819268
male,adult,healthy,25,135.4629162920296
male,child,soar,23,84.27998525850504
male,child,soar,26,103.96166831692481
male,child,healthy,24,135.8408900424705
male,adult,healthy,25,158.8862345119611
male,adult,soar,24,87.9206690436248
male,adult,healthy,23,147.7828186719579
male,adult,soar,70,79.82875349898028
male,child,soar,24,101.36549476979633
male,child,healthy,24,137.46560010922693
male,child,healthy,24,116.960492376045
male,adult,healthy,24,139.53220564616151
male,child,healthy,26,112.8984420226927
male,child,healthy,22,175.82121676298888
male,child,healthy,24,153.95623934466164
male,adult,soar,26,127.84088834708639
male,adult,healthy,21,141.64603822333947
male,adult,healthy,25,167.1188311331124
male,adult,healthy,26,157.39869428037298
male,adult,soar,25,89.91405146639346
male,child,healthy,28,145.94374522118144
male,adult,healthy,22,116.1179483930313
male,child,healthy,24,116.76548611552684
male,adult,healthy,25,137.93547118763783
male,adult,healthy,24,154.19589012838873
male,child,healthy,21,151.35687249982846
male,adult,healthy,22,158.68322999534018
male,adult,soar,26,100.7602126914991
male,child,soar,24,94.14464186226171
male,child,healthy,24,132.4706833538112
male,child,healthy,21,143.1435235742414
male,child,soar,26,120.07343452512116
male,adult,soar,23,98.38811623529023
male,child,soar,23,126.62474747892213
male,child,soar,25,93.63405826078119
male,child,healthy,24,121.44567199779567
male,adult,soar,21,130.21346783794914
male,child,soar,25,105.3626241278275
male,child,soar,24,110.2295846868235
male,adult,soar,22,88.89487800424027
male,adult,healthy,24,150.2278027566628
male,child,soar,25,100.79632934904788
male,adult,soar,23,99.3595777364738
male,adult,healthy,24,124.85243113445661
male,child,healthy,23,102.40107436601608
male,child,soar,25,115.47591971319663
male,adult,healthy,24,114.5849313218428
male,adult,soar,22,124.62475656823415
male,adult,soar,23,113.75605207766526
male,child,soar,22,99.91878327328685
male,child,soar,25,117.24045782186667
male,adult,healthy,25,136.72293524118726
male,adult,healthy,24,148.03603558846098
male,adult,soar,21,92.59479826640948
male,adult,soar,23,120.34521878986281
male,adult,healthy,26,97.94132634866278
male,child,healthy,23,111.89192314391914
male,adult,soar,25,114.2640243400315
male,adult,healthy,25,110.23624425687262
male,adult,soar,23,81.57342344658994
male,child,soar,25,96.6129753866872
male,adult,healthy,24,139.32457162150396
male,adult,healthy,24,137.28850506175579
male,adult,soar,25,80.92529103940704
male,child,soar,25,132.6236431435646
male,adult,soar,27,121.43761923721357
male,child,healthy,24,114.04287080928584
male,child,soar,23,104.12542284707216
male,adult,healthy,24,112.60129517147942
male,adult,healthy,24,158.47272116752134
male,child,soar,26,62.22364806168814
male,adult,soar,23,115.32124842135454
male,child,soar,24,102.58026156969156
male,adult,healthy,25,158.63725958283993
male,child,soar,25,101.55576514498385
male,child,soar,25,101.26377120563788
male,child,healthy,24,119.35720678859263
male,child,healthy,24,144.57938650867413
male,child,soar,24,120.07515205749172
male,adult,healthy,22,169.54229202959317
male,child,soar,24,89.60627907921868
male,child,soar,24,132.9800409669375
male,adult,soar,27,88.76610731899706
male,adult,soar,24,97.54373057029382
male,child,healthy,20,186.56371382625477
male,adult,healthy,26,135.9160685992935
male,adult,soar,23,50.38530931494035
male,child,soar,20,121.13816903942468
male,child,soar,23,90.69390576667065
male,adult,healthy,25,146.9623876383557
male,adult,healthy,21,112.22528980560128
male,child,soar,23,102.64115974425577
male,child,soar,25,89.23539176548154
male,adult,healthy,26,126.28033469034958
male,adult,healthy,20,135.3402047643031
male,adult,healthy,26,120.43755956015042
male,adult,soar,22,108.15609039375099
male,child,soar,25,130.5625763351065
male,adult,healthy,22,163.7668635856426
male,child,soar,25,88.39402350369205
male,adult,soar,23,92.97031191731412
male,adult,healthy,22,161.77726177036584
male,adult,healthy,24,141.5229835258948
male,child,healthy,26,112.03807038584947
male,child,soar,23,110.63655362270575
male,adult,soar,23,124.98346431434828
male,child,healthy,23,147.26436941048186
male,child,healthy,25,110.45577538118216
male,adult,healthy,27,118.8338128016366
male,adult,soar,25,123.7725057242952
male,child,soar,23,111.093229177441
male,adult,healthy,26,158.5578223746699
male,adult,soar,26,106.41460110468495
male,adult,healthy,23,130.1819009934929
male,child,healthy,24,137.2042697138894
male,adult,healthy,24,153.2650331702239
male,child,healthy,26,125.13586371410194
male,adult,healthy,27,136.9584727538623
male,adult,healthy,25,94.25379471748295
male,child,soar,24,62.206419627646376
male,child,soar,23,91.1159965171894
male,child,soar,24,100.4770852964979
male,child,healthy,26,109.55261780598376
male,child,soar,23,88.1164409912452
male,child,soar,24,105.14293064453857
male,adult,healthy,22,203.06915880655555
male,child,soar,27,137.1058894572926
male,adult,healthy,25,113.780183085304
male,adult,soar,23,78.35274246059957
male,adult,soar,23,94.41776420424242
male,adult,healthy,23,170.95639242324137
male,adult,healthy,25,176.64805437575993
male,child,healthy,23,105.55610960750772
male,child,soar,23,127.94579289371413
male,adult,soar,22,94.3485969173414
male,child,soar,23,107.7520245978389
male,child,soar,22,115.5947419646841
male,child,healthy,77,138.88796859081518
male,child,soar,24,146.4068112068192
male,child,soar,26,77.98891074487531
male,child,soar,25,87.47634619196374
male,child,healthy,21,132.79606313489958
male,child,soar,23,114.59338652384413
male,child,healthy,26,141.87444305026094
male,child,healthy,23,130.5640339462607
male,child,soar,72,109.83265743971475
male,child,healthy,22,146.4484263763262
male,adult,soar,24,139.3827171016096
male,child,healthy,26,108.89509654697727
male,child,healthy,22,132.38503600582843
male,child,healthy,26,149.305432333002
male,child,soar,26,136.03608389133439
male,adult,healthy,23,159.17881545982786
male,child,healthy,25,171.4396296965171
male,child,healthy,22,172.93298032547165
male,child,soar,23,96.36705621323408
male,child,soar,26,93.45074232241659
male,adult,soar,24,85.24919642783979
male,adult,soar,71,78.09277388022184
male,adult,soar,26,116.33501203209782
male,adult,soar,23,96.93375365371051
male,adult,soar,24,62.735645847007675
male,child,healthy,26,122.38476245434633
male,adult,healthy,25,148.93208749047852
male,child,soar,22,118.53035169547901
male,adult,soar,24,87.18281081678825
male,adult,healthy,24,160.0569398364594
male,child,healthy,27,137.1181248881075
male,child,soar,22,120.56268233693073
male,adult,healthy,24,174.52131073400994
male,adult,soar,26,123.87244525269823
male,child,healthy,22,144.28485458145707
male,adult,healthy,24,150.86940367198923
male,adult,healthy,25,156.88490886508836
male,adult,soar,24,122.31107605071104
male,child,soar,25,122.24024094572455
male,adult,soar,24,117.86988405701409
male,child,healthy,26,100.99295091887122
male,child,healthy,25,153.1104181516516
male,child,soar,23,106.51777519268903
male,adult,soar,25,151.72330692359824
male,child,soar,22,114.5605892130626
male,adult,healthy,23,162.00850202692007
male,adult,soar,23,88.42960710133354
male,adult,healthy,24,142.44522145012013
male,adult,soar,23,111.24209334750171
male,adult,soar,25,97.19890329491068
male,adult,healthy,22,137.56550673368437
male,child,soar,26,104.79229769091589
male,child,healthy,24,161.44180645787725
male,adult,soar,26,109.50262084378839
male,child,soar,22,137.79104364408846
male,child,healthy,23,152.06310776653694
male,child,healthy,22,170.12426297784904
male,adult,soar,26,97.13328742113163
male,child,healthy,25,152.4109871169022
male,adult,soar,23,99.22407783892773
male,child,soar,23,92.42678699338335
male,child,healthy,25,144.3290976633401
male,adult,soar,22,112.62325646015128
male,child,soar,22,80.66251649601571
male,child,healthy,23,138.6045086499999
male,adult,soar,22,136.6820112197846
male,adult,soar,24,122.78435049561094
male,adult,soar,24,110.16157888667061
male,child,healthy,24,144.5984974983289
male,child,healthy,23,121.9780382285837
male,adult,healthy,23,71.23555369129679
male,child,healthy,22,177.41525696072551
male,adult,soar,25,82.55718352556973
male,adult,healthy,23,192.20676308691864
male,adult,healthy,23,133.40819434063047
male,adult,soar,25,108.91034758195772
male,adult,healthy,26,171.2274758743955
male,child,healthy,23,120.629189765373
male,child,soar,26,117.86317984435173
male,child,soar,24,83.2493545861005
male,adult,soar,24,111.71917903302106
male,adult,healthy,23,138.30317241682337
male,adult,soar,23,76.04335817695292
male,adult,healthy,23,172.11028634564252
male,adult,soar,21,111.90513552180428
male,adult,healthy,26,139.3673508701329
male,adult,healthy,25,156.78669350048176
male,child,soar,22,93.13112509373691
male,child,soar,22,81.47501903155867
male,child,soar,24,119.41440429512292
male,child,soar,22,75.66622005803308
male,child,soar,24,101.45318931519978
male,child,healthy,26,147.6205120438703
male,child,healthy,25,153.14796511140884
male,child,healthy,22,128.30611083242
male,adult,healthy,23,100.56308260381363
male,child,soar,22,81.11728806070978
male,child,soar,23,105.36458223839028
male,adult,soar,25,100.95696777780117
male,adult,soar,26,106.61991051159677
male,adult,healthy,25,101.66340063189772
male,child,soar,25,114.76065691766463
male,adult,healthy,24,128.28299162599475
male,child,healthy,24,140.63631622443427
male,child,healthy,25,136.8759088550487
male,child,healthy,24,149.86530160340408
male,adult,healthy,23,111.34090592063504
male,child,soar,24,107.5569020050259
male,child,healthy,25,143.71042451669888
male,adult,soar,23,119.61719393092288
male,adult,soar,24,105.97571638451993
male,adult,soar,22,122.47074688580753
male,child,healthy,25,150.2712018258448
male,adult,healthy,28,115.44268072755021
male,adult,healthy,22,164.77872916112787
male,child,healthy,24,150.01553922095437
male,adult,healthy,24,113.79201468517302
male,child,healthy,22,122.15702702936872
male,adult,healthy,22,148.7502761379995
male,adult,healthy,23,160.26256646836117
male,child,healthy,23,156.25443801228997
male,child,soar,21,103.82132723546333
male,adult,soar,23,111.57981638372965
male,child,soar,25,83.66111653482368
male,child,soar,21,115.96483820837511
male,adult,healthy,22,98.36639946868632
male,adult,healthy,23,135.3530249116285
male,adult,healthy,22,140.18174143173044
male,child,healthy,25,106.71885723371769
male,adult,soar,24,96.04342273914558
male,child,healthy,24,136.94658759241563
male,child,healthy,24,160.5735737971521
male,child,soar,25,130.50686674745177
male,adult,healthy,24,149.19512880335344
male,adult,healthy,24,160.16737181546222
male,child,soar,24,100.03395492518595
male,adult,healthy,25,175.2877549371286
male,adult,soar,22,123.53508979205998
male,adult,soar,23,116.89637800727154
male,adult,soar,23,113.77615106779058
male,adult,soar,24,106.73385871823518
male,child,soar,22,98.34764353090766
male,adult,healthy,23,130.48606890241658
male,child,soar,24,107.38228756523706
male,adult,healthy,25,121.16350106286559
male,child,healthy,22,85.09109166465115
male,adult,healthy,24,123.75110539856253
male,child,soar,21,132.57348832301366
male,adult,healthy,23,133.98767974506296
male,adult,soar,25,111.10116378620758
male,adult,healthy,22,147.85590353224984
male,child,healthy,23,104.60940831616801
male,child,soar,24,92.55197766532044
male,adult,soar,24,131.7246641340359
male,adult,healthy,26,130.62150659680213
male,child,healthy,26,142.31602921745016
male,child,healthy,25,104.8848741776747
male,child,healthy,76,105.20649070354264
male,child,soar,24,130.05331970858225
male,child,soar,23,97.27093349513603
male,child,soar,24,126.1658470639197
male,child,soar,24,107.65105789003539
male,adult,healthy,26,139.42779277245313
male,child,soar,24,93.94490054306023
male,child,soar,24,94.04238151493396
male,adult,soar,23,90.84726667351467
male,adult,soar,24,120.25631993975149
male,adult,soar,22,88.89080740747816
male,adult,soar,25,148.1740456149172
male,adult,healthy,23,158.9435289359195
male,adult,soar,25,107.08229736902051
male,adult,healthy,27,206.7835810584291
male,child,healthy,22,106.36248176113159
male,adult,soar,25,108.0790215974419
male,child,healthy,24,184.16480036784085
male,adult,soar,24,103.67493180162384
male,child,healthy,24,101.69671990178794
male,child,soar,26,87.41498526269257
male,child,soar,23,97.34898385627125
male,adult,soar,23,104.32032546392095
male,child,soar,23,134.11313511121244
male,child,soar,24,79.15033800152753
male,child,healthy,24,114.18537891564429
male,child,healthy,24,115.08264705259262
male,adult,healthy,22,111.77577538879426
male,child,healthy,24,180.60547405326068
male,adult,soar,25,97.38146203870504
male,adult,healthy,26,153.82662212829715
male,adult,healthy,24,108.76127747265244
male,adult,healthy,23,169.13449776550507
male,child,healthy,23,146.32138839624238
male,adult,healthy,25,137.36081415451375
male,adult,healthy,25,94.55197945528026
male,adult,healthy,25,98.89032848274402
male,child,soar,23,95.39289640155737
male,child,healthy,25,176.92272036163592
male,adult,soar,25,95.85563758446536
male,adult,healthy,24,174.56543593257993
male,adult,healthy,26,144.80125166729653
male,child,healthy,24,84.84384736167078
male,adult,healthy,27,156.87581261038073
male,adult,soar,22,129.11003792561453
male,child,soar,24,121.96231994343873
male,child,healthy,27,144.01075470566585
male,adult,soar,22,95.60256155461907
male,adult,soar,25,92.43350555482485
male,child,soar,21,113.11825174445373
male,adult,soar,23,96.64083861000718
male,child,soar,22,93.21746178516845
male,child,healthy,23,176.758190103696
male,child,soar,24,69.7643432535562
male,child,healthy,23,112.85425164811264
male,adult,healthy,23,142.68297950748283
male,adult,soar,24,86.69158395710569
male,child,soar,20,141.5782604516196
male,child,healthy,24,135.65260118036144
male,child,soar,26,123.70638387147144
male,adult,soar,23,63.19476840570802
male,adult,healthy,25,134.11177956564137
male,adult,healthy,22,105.97766587423351
male,child,soar,26,96.38903256489778
male,adult,healthy,23,132.14045466639942
male,adult,healthy,24,120.80999772683344
male,adult,soar,24,108.2943672735926
male,child,healthy,24,131.22013772880248
male,adult,healthy,22,142.2486723691253
male,adult,healthy,22,148.60717962419082
male,child,healthy,25,185.73993000922533
male,adult,soar,23,111.51136566864024
male,adult,soar,24,116.27133687370849
male,adult,soar,25,66.42533656932521
male,child,soar,24,117.90968700780722
male,adult,healthy,25,113.4654252210028
male,adult,soar,25,106.23637287026956
male,adult,healthy,25,156.49918960430534
male,child,soar,25,114.11398374608058
male,child,soar,23,109.24238271734409
male,adult,healthy,25,104.52918709281612
male,child,soar,24,154.90281771491
male,child,healthy,27,118.82418433930354
male,adult,healthy,24,145.1317475428807
male,child,soar,24,67.1936426744758
male,child,soar,23,98.8970880901283
male,adult,healthy,23,158.59079214868882
male,child,healthy,26,113.22817261071583
male,child,soar,23,80.73273197347683
male,child,healthy,25,141.87597609443816
male,child,healthy,22,112.99643956337336
male,child,healthy,26,132.40623324675448
male,adult,soar,24,135.48395014204422
male,adult,healthy,26,158.40945831425702
male,child,healthy,21,171.11373357038937
male,adult,healthy,63,225.79925263560534
male,child,healthy,22,186.35366006684174
male,adult,soar,24,91.72658171905265
male,adult,healthy,23,107.72079475332994
male,child,healthy,25,170.5596008316553
male,child,healthy,23,163.4828451995738
male,adult,soar,22,85.58823303368322
male,adult,healthy,26,123.93250636456617
male,child,healthy,22,164.1627548468292
male,adult,healthy,24,155.32849555569214
male,child,healthy,25,159.05405424028996
male,adult,soar,23,73.90835903279444
male,adult,healthy,24,156.64912868385014
male,adult,soar,23,97.37761278136244
male,child,soar,25,126.01395346552006
male,adult,healthy,26,160.5186283777441
male,adult,healthy,25,158.7806342938495
male,adult,soar,25,101.04083957620405
male,child,healthy,22,121.42889315053154
male,adult,soar,22,109.3424596868066
male,child,soar,25,109.11187021035794
male,child,soar,24,70.53229166690193
male,adult,soar,21,99.15350230248984
male,adult,healthy,25,136.62503679498232
male,adult,healthy,25,128.55877910098337
male,child,healthy,23,123.36977007176355
male,child,soar,24,95.83573567832164
male,child,healthy,22,160.56190825289744
male,adult,soar,25,82.58715086676055
male,child,soar,23,126.13963274829476
male,child,healthy,25,169.56043418258926
male,child,healthy,25,146.03282824626936
male,child,healthy,26,162.81784173524198
male,adult,soar,23,116.90923312949705
male,adult,soar,25,110.13644955471108
male,child,soar,23,99.85152180842425
male,adult,soar,25,83.34248593367921
male,adult,soar,24,96.65528707000321
male,adult,healthy,22,161.1076949278494
male,child,healthy,24,148.26428406386142
male,child,healthy,24,113.30587639635259
male,child,healthy,24,137.9576816341883
male,child,healthy,26,119.93958070418229
male,child,soar,26,95.98689639356915
male,adult,soar,23,93.56644648188082
male,child,soar,26,83.80266052788217
male,child,soar,25,89.38827617784054
male,child,healthy,23,134.26343181997908
male,child,healthy,23,165.58189397896962
male,adult,soar,25,128.50273052769472
male,adult,healthy,25,96.23009940163087
male,child,soar,24,135.32846074529294
male,child,healthy,25,103.08921156409099
male,adult,healthy,25,169.4942687129316
male,adult,soar,25,97.29819802169195
male,adult,soar,25,117.63910793468487
male,adult,soar,22,90.440375409707
male,child,healthy,22,168.90762079431536
male,child,soar,23,107.65191516469415
male,adult,healthy,23,155.61934668787535
male,child,soar,22,132.00573185811496
male,adult,soar,24,85.32216467605996
male,adult,healthy,23,142.64675826878587
male,adult,healthy,23,159.9186500721755
male,child,soar,24,79.36277074889718
male,adult,soar,22,88.45923214028565
male,child,soar,24,84.17830341819676
male,child,soar,23,107.48247458299377
male,child,healthy,24,105.72296037626813
male,adult,healthy,23,140.77554640075107
male,child,soar,24,124.12162431145134
male,adult,healthy,24,111.19903653237199
male,adult,soar,23,99.98975354800415
male,adult,soar,22,102.88367649004458
male,child,healthy,22,141.31490936213848
male,child,soar,25,89.44733063146744
male,adult,healthy,25,149.75331532971316
male,child,soar,24,75.40788226810761
male,adult,healthy,23,143.62257046861555
male,child,soar,23,73.22384527156996
male,adult,healthy,24,135.1367741980254
male,adult,soar,24,134.92422683428705
female,adult,soar,26,113.58588905303255
female,child,soar,27,149.63151657183113
female,child,soar,22,189.21251248327948
female,adult,soar,22,193.7454276300802
female,adult,healthy,24,221.58894230096095
female,adult,healthy,24,215.7462736518792
female,adult,soar,21,113.8291330996738
female,adult,soar,22,155.19801624979337
female,adult,soar,24,176.66040216464762
female,child,healthy,25,256.85886773693153
female,child,healthy,25,142.29940331454532
female,adult,soar,24,152.37476504847365
female,child,soar,25,185.35612572537377
female,child,healthy,24,278.5054542153606
female,child,soar,25,131.6078371884359
female,adult,soar,25,170.29977944442624
female,child,soar,24,150.25773463515776
female,adult,healthy,25,187.02365965397257
female,adult,healthy,24,255.4722969364971
female,adult,soar,23,155.63233715181204
female,child,healthy,25,158.68777061649428
female,adult,healthy,25,208.93821081982813
female,adult,soar,24,143.4767971403528
female,adult,healthy,24,234.53247025000414
female,adult,soar,25,94.42456949104042
female,child,soar,23,163.60133055194422
female,adult,soar,26,144.43490872866423
female,adult,healthy,24,154.2724243374626
female,child,soar,23,145.38653052407332
female,adult,healthy,24,171.25096867138654
female,child,healthy,26,188.68824816927167
female,adult,soar,23,118.06733673007264
female,adult,soar,23,133.35115665458093
female,child,soar,22,169.70344521860224
female,adult,soar,24,184.49742962921317
female,child,soar,25,127.31612919233969
female,child,soar,23,150.48076167262317
female,child,healthy,25,205.5046456977596
female,adult,soar,23,168.05731830162847
female,adult,soar,22,88.7491777429732
female,adult,healthy,23,210.290432069053
female,child,healthy,25,214.5108251049246
female,adult,healthy,24,268.69849608994934
female,child,healthy,26,229.0186268750181
female,adult,soar,27,113.08533229754208
female,child,healthy,24,238.7258104726376
female,child,healthy,27,184.1364100170161
female,child,healthy,23,197.73438880239542
female,child,soar,22,144.15943906558408
female,child,healthy,24,230.03987692848492
female,child,soar,22,165.52439344959066
female,adult,soar,21,157.9408969878758
female,child,soar,24,202.47999905456044
female,child,healthy,26,271.3752188986789
female,adult,soar,23,125.92981266984813
female,child,soar,24,139.11658730131086
female,adult,healthy,24,258.8734124292548
female,child,healthy,26,174.34067849674489
female,adult,healthy,25,229.71943587293254
female,adult,soar,23,150.06556876075737
female,adult,soar,24,125.87018006077192
female,child,healthy,27,237.7695264045496
female,child,soar,24,140.49126568967296
female,adult,soar,24,154.33922477117082
female,child,soar,26,161.3890376804364
female,child,soar,23,155.8004291661086
female,adult,healthy,24,264.3916463272831
female,adult,healthy,23,189.8424788271407
female,child,healthy,23,199.47318706949903
female,adult,healthy,23,275.7873839269223
female,child,healthy,22,223.84717195841793
female,child,healthy,21,275.36290721637573
female,child,healthy,22,243.64075721038395
female,adult,healthy,23,226.39235900622154
female,adult,healthy,23,235.4837826593237
female,child,healthy,24,190.98620381785787
female,adult,soar,24,183.85521319326327
female,child,healthy,24,227.4716616966921
female,child,soar,26,172.00726322747337
female,child,healthy,23,207.6187446894067
female,child,healthy,24,162.0676907070855
female,child,healthy,25,204.4093293351764
female,child,healthy,23,220.40031044510346
female,child,healthy,24,266.0449822512946
female,adult,soar,24,133.9619405654458
female,adult,soar,23,201.64666604792018
female,adult,healthy,24,213.446892107286
female,adult,healthy,25,253.23458976800498
female,child,healthy,24,206.15942676266639
female,child,soar,21,193.08350418432696
female,child,soar,25,169.33074580042626
female,adult,healthy,23,240.50376169636894
female,adult,healthy,22,285.7099509704159
female,child,healthy,25,146.87228489271672
female,child,healthy,23,123.51285849129482
female,adult,soar,24,184.77231086322652
female,adult,healthy,24,239.70568714223822
female,child,soar,24,191.2055402121379
female,child,healthy,25,201.5254040612725
female,adult,healthy,23,176.19998594958312
female,adult,soar,27,120.95918020434733
female,adult,soar,24,155.67481980096036
female,child,healthy,22,223.3569085703732
female,adult,soar,28,180.7092647482708
female,adult,soar,22,179.4395675502046
female,adult,soar,27,124.3766669148318
female,child,soar,22,110.31766783567433
female,adult,soar,23,189.34214856619874
female,adult,soar,23,146.0198690689171
female,adult,healthy,22,238.83089110288023
female,adult,healthy,24,228.342717192748
female,child,healthy,26,217.3218277338225
female,adult,soar,23,187.2548135655753
female,adult,healthy,23,248.5383847662094
female,child,soar,24,196.65501533475705
female,child,healthy,22,171.27627248655068
female,adult,healthy,25,174.90194493901058
female,child,soar,23,155.79903123822703
female,child,soar,27,108.27589475174845
female,adult,soar,24,194.5926616483686
female,child,soar,23,198.1255957238188
female,adult,soar,22,165.65578032940465
female,child,healthy,24,221.46842383562682
female,child,soar,22,135.58658960503163
female,child,soar,27,108.58835592873396
female,adult,soar,26,166.39736694835722
female,child,soar,23,185.86704105717985
female,child,soar,27,121.43912941483899
female,child,soar,23,152.97845018009386
female,adult,healthy,27,198.14191849905805
female,child,soar,21,199.01515076618557
female,adult,soar,25,168.06921322998474
female,child,healthy,27,228.31790194743607
female,child,soar,24,177.3967162503281
female,adult,healthy,23,117.55165867399477
female,adult,healthy,20,183.13683765222223
female,adult,soar,24,148.30592409885907
female,adult,healthy,25,164.23628934647743
female,adult,soar,25,201.94056616170235
female,adult,soar,26,211.78296544901877
female,child,soar,23,168.2312107493266
female,adult,healthy,25,239.2688958870146
female,child,healthy,24,146.66949927865448
female,child,soar,23,99.52969360490926
female,adult,soar,24,142.45188185595762
female,child,soar,27,120.2270491979183
female,child,healthy,25,171.030628958955
female,adult,healthy,23,249.83097464990342
female,adult,healthy,22,190.26419595613288
female,child,soar,23,155.38745211736912
female,child,soar,23,216.43862507067104
female,adult,soar,23,116.39798148812008
female,adult,healthy,25,271.86438324017536
female,adult,soar,23,142.36202962477986
female,adult,soar,21,153.53026042496649
female,child,soar,25,139.66103848209818
female,adult,soar,26,155.05049770294096
female,child,healthy,24,198.54168782650294
female,child,healthy,24,249.08772962519092
female,adult,healthy,24,292.9941492756859
female,child,soar,27,101.69868763817568
female,adult,soar,24,126.156287158131
female,child,soar,24,157.31367726766285
female,child,soar,25,100.09394726309618
female,adult,soar,22,153.09144093636507
female,child,healthy,27,211.02315221879843
female,child,healthy,23,135.54572776653256
female,adult,healthy,23,215.04509555737351
female,adult,soar,22,156.6397077070559
female,child,healthy,24,268.28475934921613
female,child,soar,23,192.95643375263748
female,child,soar,25,101.77519813163805
female,adult,healthy,21,180.66112629135796
female,adult,soar,23,124.51284527672675
female,adult,healthy,26,212.4355601805616
female,adult,healthy,26,217.27179968934362
female,adult,healthy,25,149.59752751781622
female,adult,healthy,23,222.4263322899686
female,child,soar,23,192.05195559933028
female,child,soar,25,124.39462192995441
female,adult,soar,24,135.86082096370333
female,child,healthy,24,249.82078906245627
female,adult,healthy,25,218.88298127990984
female,adult,healthy,24,256.4187709945831
female,child,soar,23,156.83699093945552
female,child,soar,25,131.18940917187282
female,adult,healthy,23,250.02742665314463
female,adult,healthy,24,186.9080806898114
female,child,soar,24,158.57521454150393
female,adult,healthy,23,255.7798463679675
female,adult,healthy,23,197.05741974652221
female,adult,healthy,24,203.75565373490838
female,child,healthy,22,157.067115851015
female,child,healthy,23,208.21412730135305
female,adult,healthy,24,228.1667866942853
female,adult,soar,25,165.60660661787145
female,child,soar,22,158.1389831384402
female,adult,healthy,22,196.90843250796004
female,adult,soar,25,174.32885102945724
female,adult,soar,25,161.131835687816
female,child,healthy,25,228.31399169969953
female,adult,healthy,23,194.53054573632303
female,child,soar,24,105.04754742071512
female,adult,soar,27,175.00664657988955
female,adult,soar,23,160.4911179064475
female,adult,soar,24,204.82698131336014
female,adult,soar,26,121.74900387448805
female,child,soar,25,134.8995819624845
female,adult,soar,26,151.84136548411996
female,child,soar,22,138.2313363288748
female,child,healthy,27,163.456870213595
female,child,soar,26,125.2278315593214
female,adult,healthy,24,185.38753402083017
female,child,soar,27,218.47372561056696
female,child,soar,22,75.27264987786813
female,adult,healthy,23,233.93583912084284
female,adult,healthy,24,235.38560122179013
female,adult,healthy,25,137.54396195215043
female,adult,soar,26,193.64213386621253
female,adult,soar,22,157.97532997566788
female,adult,healthy,22,246.43017845696096
female,child,soar,22,181.73236391993697
female,adult,healthy,28,181.04231484343157
female,child,healthy,25,277.4077120639699
female,child,soar,25,171.48615505139185
female,adult,healthy,23,173.3705953106087
female,adult,healthy,23,255.48313435421812
female,child,healthy,24,180.39690807124455
female,child,healthy,21,135.60602827334654
female,adult,healthy,20,188.27187413955713
female,adult,soar,23,125.09767809073712
female,child,soar,25,129.464649101757
female,adult,soar,21,180.23424173376642
female,adult,healthy,23,151.67880525379218
female,adult,soar,25,146.87079762405745
female,adult,soar,22,140.66942636113342
female,adult,soar,26,133.58407326873547
female,child,soar,26,180.43960203752954
female,adult,healthy,27,183.02178597288543
female,adult,soar,21,156.79835625468334
female,adult,soar,26,190.994977638507
female,adult,soar,24,164.81489791633973
female,adult,healthy,24,261.30214934108864
female,child,soar,23,209.68517502743526
female,child,healthy,25,235.51078074821572
female,child,soar,24,113.53223084594337
female,child,soar,26,121.00046228207518
female,adult,soar,24,87.2972689467991
female,child,healthy,24,220.764172843679
female,adult,healthy,25,283.71275577069304
female,adult,healthy,25,218.06133330459193
female,child,healthy,25,193.72624362062095
female,child,healthy,26,140.66056588697057
female,adult,soar,21,142.66802442238986
female,adult,healthy,23,209.20316232833503
female,adult,soar,24,173.09835818413308
female,child,soar,21,163.66591693881912
female,child,soar,20,171.03918632352622
female,child,healthy,25,243.28433997167906
female,adult,healthy,24,277.0997826853278
female,child,soar,22,156.35290801869274
female,adult,healthy,23,171.33974683422915
female,adult,soar,23,124.96323711908111
female,adult,healthy,25,182.6644978551411
female,adult,healthy,27,212.95937692545633
female,child,healthy,21,250.41072119278334
female,child,soar,23,188.08151119092227
female,adult,soar,24,174.39706289807697
female,child,soar,26,109.57475662487542
female,adult,healthy,25,250.71303455394315
female,child,healthy,23,262.1001167921602
female,adult,soar,24,107.51099089965943
female,child,healthy,24,179.4411391359489
female,child,healthy,24,267.84002929721555
female,child,healthy,24,272.9075742676108
female,adult,healthy,23,233.30237909435897
female,child,soar,25,191.8469247945502
female,adult,soar,24,178.09584789855612
female,adult,healthy,22,184.79260948826837
female,adult,soar,25,220.52694392633296
female,adult,soar,21,145.13658536396346
female,child,soar,24,148.72348585037045
female,adult,soar,21,174.09385149937873
female,adult,healthy,24,208.76662583911113
female,adult,healthy,22,248.5905860367584
female,adult,soar,26,164.42295688581592
female,child,healthy,27,227.28853819123012
female,child,soar,23,165.73487623162995
female,adult,soar,22,151.53476588008027
female,child,healthy,27,209.078469376341
female,adult,healthy,23,165.35959113988383
female,adult,soar,21,123.02189153601773
female,adult,soar,24,159.72165853758813
female,adult,soar,26,132.46557394624153
female,child,healthy,22,198.1442385370038
female,adult,soar,27,175.47661996521484
female,adult,soar,23,139.25149276371414
female,adult,healthy,21,157.24196979466757
female,child,soar,22,99.76624593918902
female,child,healthy,27,214.74170690812625
female,adult,healthy,26,173.84342886000357
female,adult,soar,24,210.61212325096125
female,child,healthy,25,300.4241685002955
female,adult,healthy,25,143.47884423899325
female,child,soar,26,196.41942565076948
female,adult,healthy,21,168.2585838200585
female,adult,soar,23,200.4953674102854
female,child,healthy,25,212.5365822931258
female,child,soar,24,127.39109312085156
female,child,healthy,23,134.17299815539167
female,child,healthy,25,238.86402546416406
female,child,healthy,24,174.8697155863005
female,child,soar,24,115.17080052936366
female,child,soar,23,170.06916843942597
female,adult,healthy,25,207.65714754827496
female,adult,soar,24,119.50912747825083
female,child,soar,24,132.27068352178577
female,adult,healthy,25,182.21194410441953
female,adult,healthy,24,272.9841529946396
female,child,soar,24,172.34467833299476
female,adult,soar,21,148.6769698142641
female,child,healthy,26,306.9653105089833
female,child,soar,24,169.83071941265015
female,child,healthy,23,146.61298074613717
female,child,soar,23,145.462375386922
female,child,healthy,22,232.2166928925482
female,child,healthy,24,214.29003054480998
female,adult,soar,22,166.75126796323065
female,adult,healthy,21,236.12391757004195
female,child,soar,23,126.37127821900167
female,child,soar,22,119.90608584899157
female,child,healthy,23,216.0522302714705
female,child,healthy,21,220.09064115346848
female,child,healthy,24,196.32797299458693
female,child,soar,24,166.3994732334746
female,adult,healthy,23,168.68011310718293
female,child,healthy,21,209.81384281360732
female,child,healthy,24,247.48412071872718
female,adult,soar,23,174.7870018213201
female,adult,soar,24,125.44705319846805
female,child,healthy,23,214.6213721606559
female,adult,soar,25,115.64940312014096
female,child,soar,22,171.2512077383487
female,child,soar,25,184.64975144534682
female,adult,soar,26,147.11304152398293
female,child,soar,25,169.7392907802772
female,adult,soar,24,206.8570588426141
female,adult,healthy,25,242.2174036281837
female,adult,soar,26,168.53578244986528
female,child,healthy,21,216.2022136705619
female,child,healthy,27,212.8218611334448
female,child,soar,26,171.23211300631527
female,child,healthy,24,156.55098212230928
female,adult,soar,24,162.88123701704885
female,adult,healthy,24,205.01702401828558
female,adult,healthy,24,219.06240558524973
female,adult,soar,24,177.80078715566793
female,child,soar,26,159.27445695117643
female,child,healthy,24,218.69232949046014
female,adult,soar,27,187.48479670323775
female,child,healthy,23,287.57165696596996
female,child,healthy,25,230.51649380281515
female,adult,healthy,25,164.4688331589719
female,adult,healthy,21,161.84802001386802
female,child,soar,24,125.61710870692134
female,adult,soar,24,183.28161099777734
female,adult,soar,22,156.25278013400072
female,adult,soar,25,174.62846309447463
female,child,soar,25,154.47916815996197
female,child,soar,24,159.93615056906742
female,child,soar,23,161.01362435309537
female,adult,healthy,23,276.5974748206534
female,child,soar,26,129.29663716900615
female,adult,soar,22,164.89074162667922
female,adult,soar,27,159.54086207603174
female,adult,soar,24,176.12203598671405
female,adult,soar,25,151.24428483206208
female,adult,soar,24,188.56324000349815
female,child,healthy,23,212.22127214561758
female,child,healthy,25,192.0601037374403
female,adult,healthy,23,213.46956229654634
female,child,healthy,24,261.1872161722413
female,child,healthy,26,236.7797901039319
female,child,healthy,25,179.10078621862831
female,adult,soar,25,68.3787028594153
female,child,soar,24,159.18417037485503
female,child,soar,24,206.0572026509905
female,adult,healthy,23,247.55434641238156
female,child,healthy,23,253.68214770745067
female,adult,healthy,25,280.2243085560573
female,child,soar,26,209.06326300354104
female,child,soar,22,111.98532353992006
female,adult,soar,22,189.48411497491884
female,child,healthy,25,227.62062413612378
female,child,soar,24,183.28001945348467
female,adult,soar,26,155.08550848125992
female,adult,soar,22,169.423007384881
female,adult,healthy,25,147.2898398050792
female,child,soar,22,115.76189898612732
female,child,soar,24,181.99871079215816
female,adult,healthy,25,171.90035677216537
female,child,soar,23,101.16295596295171
female,adult,healthy,24,220.88577336330434
female,adult,soar,24,130.17423980446387
female,adult,healthy,22,160.10215545165624
female,child,soar,25,159.9158478819473
female,child,healthy,22,195.96740067139575
female,child,soar,23,145.58110147415746
female,child,soar,23,140.74478559773414
female,child,healthy,26,202.61037267610732
female,child,soar,23,147.15773002496658
female,adult,soar,25,150.05306081382116
female,adult,healthy,23,167.95917584087442
female,child,soar,69,136.06354830067195
female,child,soar,25,162.2408049163268
female,child,soar,22,159.2764758615949
female,adult,healthy,25,267.21000334484745
female,child,soar,21,176.4406830609763
female,adult,healthy,19,207.2250764818461
female,child,soar,25,183.80797154695722
female,child,healthy,25,160.78151756932866
female,adult,healthy,24,266.7191806296783
female,adult,healthy,23,205.95539238854164
female,child,healthy,24,207.09893898373255
female,child,soar,24,166.3740262797832
female,child,soar,24,104.51359758212719
female,child,soar,25,167.88660892016443
female,adult,soar,22,108.6582295285612
female,adult,healthy,25,209.46612347971873
female,adult,soar,21,156.88206648648855
female,adult,soar,24,170.2438787750395
female,child,healthy,24,212.4120909491652
female,adult,healthy,23,228.93772610109264
female,adult,healthy,24,243.51074374549952
female,adult,healthy,23,233.09158117415495
female,adult,soar,26,154.6528813730599
female,child,soar,26,171.42320346468514
female,child,soar,24,105.14212842870577
female,child,healthy,23,195.40094976500572
female,adult,soar,23,127.73709600340189
female,adult,soar,25,115.18193112391143
female,child,healthy,23,218.82068021734648
female,adult,soar,25,89.19786063985809
female,child,healthy,25,224.35344057999757
female,adult,healthy,24,219.97198780779058
female,child,healthy,25,172.00943522723037
female,adult,healthy,25,193.97977711377996
female,child,healthy,24,232.31441872709
female,adult,healthy,25,166.07888378361417
female,adult,soar,24,181.97297552838518
female,child,soar,23,155.03996976309713
female,adult,soar,27,182.8337239185167
female,child,healthy,25,245.7658750677813
female,child,soar,23,194.80418705406305
female,child,soar,27,210.034035779283
female,child,healthy,24,185.7000106232226
female,adult,healthy,23,219.4521347376027
female,child,soar,26,104.89939395285947
female,adult,soar,24,143.05985477911867
female,adult,soar,67,195.28223104986415
female,child,soar,25,124.82409074346008
female,child,healthy,24,250.48050748804627
female,adult,soar,25,207.31637473527394
female,child,soar,26,182.84641011171541
female,child,soar,26,196.70998858644032
female,adult,healthy,25,271.71357051940095
female,adult,healthy,23,167.9416515244386
female,adult,soar,24,171.95199404958845
female,adult,soar,24,126.67642489850357
female,child,healthy,23,151.3856759617143
female,child,soar,24,169.8106816677218
female,adult,soar,23,162.11991326281887
female,child,healthy,25,118.99291608494977
female,child,soar,23,100.12300520987247
female,child,healthy,22,200.40377577619057
female,adult,healthy,21,196.08802750517
female,adult,healthy,26,169.25371896700955
female,adult,healthy,27,236.44403226157104
female,adult,healthy,23,219.3094487590561
female,adult,soar,23,143.84291439151474
female,child,soar,23,132.2228260991236
female,adult,soar,25,129.7524396020218
female,adult,soar,24,131.62856825283262
female,child,healthy,23,225.91139063116083
female,child,healthy,24,235.75839088975596
female,child,healthy,25,141.43751571445415
female,adult,healthy,24,225.02827773778364
female,adult,healthy,23,254.58773735850784
female,child,soar,23,180.87953481083187
female,child,soar,24,147.10186360419291
female,adult,soar,26,133.34325946314138
female,child,healthy,23,215.5893512714175
female,child,healthy,26,170.43498543814212
female,adult,soar,23,161.26677497644027
female,adult,healthy,24,209.84293899204738
female,child,healthy,23,205.87965780752384
female,adult,soar,23,195.32850165750637
female,adult,healthy,24,251.49518286509462
female,adult,soar,24,165.6573642295109
female,adult,soar,21,137.06854591347138
female,adult,soar,24,131.58077271778623
female,adult,healthy,24,240.7302042821935
female,adult,soar,23,151.75608159882918
female,adult,soar,22,118.31300065195948
female,child,soar,22,213.26507278914124
female,adult,soar,21,180.11626478441013
female,child,soar,22,120.39520080937567
female,adult,healthy,26,185.77196166491913
female,child,healthy,25,254.48543564762588
female,child,healthy,25,124.89094185402713
female,child,healthy,23,235.42268912121304
female,adult,soar,26,137.0578050627487
female,child,healthy,22,231.02662973408414
female,adult,healthy,25,232.63737630181237
female,adult,soar,25,101.2504618379061
female,adult,soar,23,154.82667085787767
female,child,soar,23,173.83159424005973
female,adult,healthy,24,272.3643606812732
female,child,soar,24,128.91657748336402
female,child,healthy,22,222.2151925500919
female,adult,soar,23,123.84755579865374
female,child,healthy,25,189.74323957726406
female,adult,soar,23,133.09743176700994
female,child,soar,23,142.54327683186006
female,adult,soar,24,174.98373595052846
female,child,healthy,27,235.68192200260054
female,child,soar,26,105.47757393820466
female,child,soar,24,146.8660631363093
female,adult,healthy,24,171.83533422815418
female,adult,healthy,23,209.7835162151913
female,adult,soar,24,175.6947322002392
female,child,healthy,25,257.64989341811093
female,child,healthy,25,247.76508923098072
female,adult,soar,22,175.05399146730244
female,child,healthy,23,302.07521602606687
female,child,soar,23,165.3466300752897
female,child,healthy,22,207.85718819191408
female,adult,soar,24,160.4442778432943
female,adult,soar,25,158.7370363099164
female,child,soar,25,153.3554321675019
female,adult,healthy,23,190.52954858711874
female,child,healthy,25,190.11339407209613
female,adult,healthy,25,216.25911646250975
female,child,soar,26,135.16285249126733
female,child,soar,25,156.2843406547269
female,child,soar,25,221.18219103626294
female,child,healthy,23,281.2639866065601
female,child,soar,23,83.42985036329064
female,adult,healthy,24,257.8508857691336
female,child,healthy,21,189.1397675909096
female,adult,healthy,23,238.89834920241668
female,adult,soar,26,116.12371264353415
female,child,healthy,24,273.4610441149938
female,adult,soar,22,188.11438947241237
female,child,healthy,23,267.2914256055591
female,adult,soar,24,195.454136431706
female,adult,healthy,23,276.5461854013179
female,adult,soar,28,94.27112562487126
female,child,soar,25,149.10822824085062
female,adult,soar,26,185.4721400028583
female,adult,healthy,23,122.25436093298556
female,child,soar,22,165.08080376853425
female,child,healthy,25,215.35467844195637
female,adult,healthy,23,150.93393983157583
female,child,soar,26,164.52331001106103
female,child,healthy,23,261.65144463499826
female,adult,healthy,24,204.63555926440011
female,adult,healthy,24,216.9276061723412
female,child,healthy,24,179.86546304031484
female,adult,healthy,26,239.28289632063053
female,child,healthy,25,215.7348148167614
female,child,soar,24,130.16879653354957
female,child,healthy,22,201.82485217385926
female,child,soar,24,113.87799203226213
female,adult,healthy,25,283.418057272204
female,adult,healthy,23,226.97743362760707
female,child,healthy,24,191.65642804599787
female,child,healthy,26,178.6894894578533
female,adult,soar,22,171.56174403304973
female,adult,healthy,23,163.84146063066936
female,child,soar,27,150.43232948367506
female,adult,healthy,23,153.89779986438433
female,child,soar,26,155.91455186786803
female,adult,soar,23,216.10726040680217
female,adult,healthy,23,251.09677217251897
female,adult,soar,24,164.22574474386633
female,child,healthy,26,242.3101838374821
female,child,healthy,24,214.74563522695547
female,child,soar,22,158.10740199383298
female,child,soar,24,167.0429393733166
female,adult,soar,25,110.80868071678044
female,child,healthy,28,250.5988120317884
female,child,soar,24,183.0366256826608
female,child,healthy,21,225.2244785960393
female,child,soar,23,137.18874303992752
female,adult,healthy,26,207.09788665542095
female,child,soar,22,161.55382782577638
female,adult,healthy,23,192.03788589249996
female,adult,healthy,27,181.77037294156494
female,child,healthy,23,136.19057564716857
female,child,soar,24,115.13686013455033
female,adult,soar,23,149.3132351394799
female,adult,soar,26,173.87726674183287
female,adult,soar,25,184.68541999937602
female,adult,healthy,24,165.86914202072882
female,child,soar,25,181.44900971278267
female,adult,healthy,25,158.35579795810986
female,child,soar,25,146.74470738906368
female,adult,healthy,25,175.7986601683515
female,adult,soar,22,224.48278269442636
female,adult,soar,22,164.80542228267078
female,adult,soar,23,184.61505766890397
female,child,soar,25,181.84876203539218
female,adult,soar,25,132.34848732197014
female,child,healthy,26,243.47058348363956
female,child,soar,23,167.03522328531113
female,adult,soar,24,154.61863431916498
female,child,healthy,23,277.8325315282593
female,adult,healthy,24,212.9264417918196
female,child,soar,21,159.18491241777684
female,child,healthy,21,191.8772083125478
female,adult,healthy,25,148.13689672361772
female,child,healthy,24,158.94506625068698
female,child,soar,23,192.13372548340956
female,adult,soar,24,192.43268540560857
female,child,healthy,26,238.3348822318733
female,child,soar,23,175.2018187157093
female,child,healthy,24,183.24846192763852
female,child,soar,24,128.65545828025466
female,child,healthy,25,262.0386173248902
female,adult,soar,24,112.94710616132488
female,adult,soar,24,196.63911419095126
female,child,healthy,24,266.6236532092609
female,child,healthy,21,197.06784211613308
female,child,soar,24,141.73364852735946
female,adult,healthy,26,244.41724702951774
female,adult,healthy,23,228.48107681613251
female,child,healthy,22,222.96937267449454
female,adult,healthy,23,180.96030597063657
female,child,soar,20,146.8559936194376
female,adult,healthy,25,183.62121189331336
female,adult,healthy,25,166.4546435033022
female,adult,healthy,25,267.29476521431224
female,child,healthy,24,238.68205917868698
female,child,healthy,24,266.80543092254595
female,child,soar,23,129.1200379602139
female,child,soar,22,132.23305160418744
female,child,soar,20,94.12983689386064
female,adult,soar,20,198.6793286541076
female,child,healthy,26,177.92765673637888
female,child,healthy,22,165.84999113812412
female,adult,healthy,25,210.59514641113347
female,child,soar,26,151.0652003109296
female,child,soar,28,65.19506278031172
female,adult,healthy,24,233.64796628950072
female,adult,healthy,25,263.26945419975107
female,adult,healthy,25,189.72486059486945
female,adult,healthy,25,245.09040751709847
female,adult,healthy,26,255.29455340130926
female,child,healthy,25,252.85146590874868
female,adult,soar,23,202.79647254814526
female,child,healthy,23,281.9412378596864
female,child,soar,21,195.8650319068874
female,adult,healthy,24,252.82881898195143
female,child,soar,24,138.47031356005604
female,child,soar,25,145.9853335317393
female,child,soar,23,185.3006160921068
female,child,soar,25,148.56345251706483
female,child,healthy,25,213.59745807599256
female,child,soar,23,166.49088467694938
female,adult,healthy,25,207.35784785266603
female,child,soar,26,135.04030173043077
female,child,healthy,25,203.4462891824538
female,adult,soar,25,131.68475409171836
female,adult,healthy,23,229.88613133390447
female,adult,soar,22,150.5618142044304
female,adult,soar,25,158.45541584715323
female,child,soar,25,181.61780972527072
female,adult,soar,25,133.33437230114927
female,child,healthy,23,207.59682213774724
female,adult,soar,24,166.26636454165984
female,child,soar,24,140.95115172862396
female,child,healthy,22,200.1783666919479
female,child,soar,24,144.13705466095647
female,adult,healthy,23,236.9433340760696
female,adult,healthy,25,187.382909613354
female,adult,soar,24,156.89484885245673
female,child,healthy,23,190.9724865739026
female,child,soar,24,164.26725871904495
female,child,soar,24,204.11307737065988
female,child,soar,26,200.1673311457086
female,child,soar,23,172.53135003481637
female,adult,healthy,22,176.91434564484254
female,child,healthy,24,153.77430112017055
female,child,soar,26,93.12103328346107
female,child,healthy,23,144.40131796002078
female,child,soar,28,136.95147367036498
female,adult,healthy,24,259.28388169012214
female,child,healthy,25,207.08349075478063
female,child,healthy,24,168.391487324992
female,child,soar,23,90.50881228403863
female,adult,soar,23,176.40393823029027
female,child,healthy,24,228.76205107354184
female,child,healthy,24,232.47149985491544
female,adult,soar,26,169.0442868306131
female,adult,healthy,25,186.92749742378973
female,child,healthy,23,206.72181913449538
female,adult,soar,26,189.39307279444202
female,adult,soar,24,174.50776359061186
female,adult,healthy,26,227.09081284709336
female,adult,soar,23,142.68662065891996
female,adult,healthy,25,200.45011504138068
female,adult,healthy,25,181.4662621378355
female,child,soar,24,185.22117515615585
female,child,healthy,25,236.54288840528716
female,child,soar,23,161.60511043164044
female,child,healthy,24,238.81227030709263
female,child,healthy,23,181.94670380783114
female,child,healthy,23,185.738283422897
female,child,soar,25,146.96861140588175
female,child,healthy,27,268.3114045401221
female,child,healthy,24,190.49113257804987
female,adult,soar,25,130.24836851553712
female,adult,soar,25,146.32096681506147
female,adult,soar,26,150.68305995606553
female,child,soar,23,198.0291719154951
female,child,soar,22,164.44323368248345
female,adult,soar,22,147.24784524237305
female,adult,soar,25,206.47790589214
female,child,soar,26,166.18436927034213
female,adult,soar,26,200.9307072436299
female,adult,healthy,22,228.3295009334998
female,child,soar,22,167.08228654558033
female,adult,healthy,23,166.77451310583493
female,adult,healthy,21,205.48351223818867
female,adult,healthy,23,138.96145309821384
female,child,soar,23,219.02543875655297
female,adult,healthy,21,202.0468607390099
female,child,soar,24,125.41630478410207
female,child,healthy,20,202.0910845923117
female,child,healthy,27,295.99036873539376
female,adult,soar,24,148.55338900186138
female,child,healthy,23,268.0349785067075
female,adult,soar,24,188.52475898267176
female,child,healthy,22,193.15774347296164
female,adult,healthy,24,248.5012354277407
female,adult,healthy,24,290.29924772149735
female,adult,healthy,24,256.16035307720165
female,adult,soar,21,125.22017072247154
female,child,soar,24,95.85487987897606
female,adult,healthy,25,199.57440423461233
female,child,healthy,24,230.88435587940492
female,child,soar,23,122.658778995086
female,adult,healthy,24,200.04413119704273
female,adult,healthy,25,232.6595411816472
female,child,soar,21,136.03894280964064
female,adult,healthy,22,130.50539475410613
female,adult,healthy,24,184.18799687820692
female,child,soar,21,182.07367054098592
female,child,soar,24,167.2258285585414
female,child,soar,23,132.73146882731868
female,child,healthy,23,125.40781856676809
female,adult,soar,22,129.50154764744363
female,adult,soar,23,195.4309792778078
female,adult,soar,23,185.7232622471155
female,adult,healthy,26,275.15118234759314
female,child,healthy,25,134.26153522176668
female,adult,soar,25,86.75155379606996
female,child,healthy,26,244.90723236880365
female,adult,healthy,23,159.37315603145208
female,adult,healthy,25,268.12340943430877
female,adult,soar,24,159.8744414743251
female,adult,soar,25,165.93641152228196
female,adult,healthy,25,241.21996940843647
female,child,healthy,24,228.05973604321147
female,child,soar,24,178.95324244234513
female,child,soar,25,175.48957857870352
female,child,healthy,24,164.47721452675282
female,adult,soar,24,132.12399692651658
female,child,healthy,26,188.47465485295902
female,child,soar,25,134.32933070516353
female,child,soar,24,181.89307249913057
female,child,soar,24,130.23332504962266
female,child,healthy,25,183.25455526197126
female,adult,healthy,24,262.3804488728803
female,adult,healthy,23,258.71987943356737
female,child,soar,25,194.1416271913877
female,adult,soar,23,224.97309296498884
female,child,healthy,28,151.62546712990547
female,adult,soar,23,102.714847044911
female,child,soar,22,157.65516135179075
female,adult,healthy,23,215.7262793004823
female,child,healthy,25,292.10342306201585
female,child,soar,20,198.5254708284468
female,child,soar,25,173.21490004323172
female,adult,healthy,20,217.54394317457772
female,child,healthy,25,245.0309843554076
female,child,soar,24,159.73157972149363
female,child,soar,24,133.45578796766907
female,child,healthy,27,210.71900581789572
female,adult,healthy,24,175.3332816011947
female,child,healthy,24,184.73274359605355
female,child,healthy,23,243.36550348249838
female,adult,healthy,26,207.24997768352603
female,adult,soar,24,187.7309466990829
female,child,healthy,21,162.24375103581622
female,adult,healthy,25,213.5714832037988
female,child,soar,25,160.17391625077886
female,adult,soar,23,131.44221869555543
female,adult,healthy,26,229.99598911181917
female,child,healthy,22,228.77189711474637
female,child,healthy,25,232.52390036084748
female,adult,healthy,24,207.34645395433765
female,child,soar,23,134.39651058492475
female,child,healthy,24,161.4348170502391
female,child,soar,24,182.79000545599365
female,adult,soar,22,175.53247285961922
female,adult,soar,23,156.0395991477835
female,child,healthy,24,199.20326946855937
female,child,healthy,25,285.8433447997611
female,adult,soar,24,140.37926275063148
female,child,soar,25,159.91298116497057
female,child,soar,24,112.34701632850215
female,adult,soar,24,151.89092897365018
female,adult,healthy,23,163.47046001631608
female,adult,soar,25,162.03241130810522
female,child,healthy,25,262.4786325869679
female,adult,soar,25,193.92815757609426
female,adult,healthy,23,174.52459869564487
female,adult,soar,22,192.14129147942862
female,child,healthy,24,233.8104097443566
female,child,healthy,25,199.8921232183458
female,child,soar,22,174.08769070742406
female,child,healthy,23,245.81675727888074
female,adult,healthy,26,196.97089554483517
female,child,soar,27,177.79252459565544
female,adult,soar,25,133.99549769874162
female,child,healthy,24,158.09422101364402
female,child,soar,25,118.09370301675627
female,adult,healthy,25,204.81048245850633
female,child,soar,24,101.69232374355619
female,adult,soar,25,138.95045511858
female,adult,soar,24,147.90189993650287
female,adult,soar,24,200.671980467783
female,adult,healthy,25,179.60400523530782
female,child,soar,25,177.48812511359571
female,child,healthy,22,136.73127742111325
female,adult,healthy,24,163.21987508979242
female,child,healthy,27,162.0734141805583
female,child,healthy,23,216.91243486360702
female,child,healthy,25,176.2392855414761
female,adult,healthy,23,190.81289304955348
female,child,soar,23,131.85448871689567
female,adult,soar,24,156.36990831609023
female,adult,soar,26,146.57126510555338
female,child,healthy,26,181.76311423403558
female,child,soar,22,51.78391803842544
female,adult,healthy,25,291.6317639130426
female,child,soar,23,179.93017139379654
female,child,healthy,24,235.85951624462098
female,adult,healthy,24,263.4816507159096
female,child,healthy,25,234.1333497733935
female,child,healthy,24,189.4745469765529
female,adult,soar,22,121.68452810204597
female,adult,soar,26,192.3390401331925
female,child,healthy,24,190.91424650935483
female,adult,soar,24,158.91944097847187
female,adult,soar,23,143.46940271793247
female,adult,healthy,29,171.62440366402132
female,adult,healthy,23,231.71601176864127
female,child,healthy,22,194.53209116606416
female,adult,soar,27,132.44009194101847
female,child,soar,23,158.63464091095568
female,child,healthy,24,204.6047212889141
female,child,healthy,26,213.75530836365155
female,adult,healthy,26,185.40933899031785
female,child,soar,23,179.077146741422
female,adult,healthy,24,179.349591916231
female,child,soar,21,160.47187471928055
female,adult,soar,23,119.97483502579169
female,adult,soar,25,172.7963368771868
female,child,soar,24,164.58060027001036
female,adult,healthy,23,175.98838459319222
female,child,soar,22,142.78042588621202
female,child,soar,25,133.21562483037525
female,adult,soar,23,84.9465943929559
female,adult,healthy,24,217.83888571906152
female,child,soar,24,177.4038120354547
female,child,soar,24,171.4618794080995
female,child,healthy,26,226.60073916473297
female,adult,healthy,22,248.63122732764845
female,adult,soar,22,161.3186691632478
female,adult,healthy,23,285.52503030919115
female,child,healthy,25,197.79054632523264
female,adult,healthy,21,180.14422654478207
female,adult,soar,22,135.10458666811002
female,adult,healthy,23,241.08528772188632
female,child,healthy,24,224.30608186583282
female,child,soar,25,173.55377330300837
female,adult,healthy,23,178.7249412626586
female,child,healthy,23,238.10126752086524
female,child,healthy,28,254.60226297884628
female,child,healthy,25,230.42421632291712
female,child,soar,22,130.93837164605304
female,adult,healthy,23,200.44319214881006
female,adult,soar,23,150.39699499481878
female,adult,healthy,24,179.03097138245835
female,child,healthy,25,190.9081609757421
female,child,soar,24,134.8377406262688
female,adult,healthy,24,185.4029895855179
female,child,soar,27,174.08687842191068
female,child,healthy,24,223.69813850771348
female,child,healthy,25,230.9855972399501
female,adult,soar,28,116.76972072279834
female,adult,soar,26,153.92926500416633
female,adult,soar,26,133.26054899881308
female,adult,soar,21,144.6822811719096
female,child,soar,25,182.64584372470162
female,child,healthy,22,190.62513083792143
female,child,soar,25,117.70583649288314
female,adult,soar,26,136.99804797507545
female,adult,healthy,25,215.43040466659318
female,child,healthy,25,257.62118231789844
female,adult,healthy,24,184.97492859777563
female,adult,healthy,26,252.45954805320767
female,adult,healthy,80,276.8850282719948
female,adult,soar,25,185.90260100114975
female,adult,soar,23,143.76259717991925
female,child,soar,22,162.78257103337185
female,adult,soar,24,136.32643306435148
female,adult,soar,25,181.52711232504095
female,child,healthy,24,176.9023105129266
female,adult,soar,25,134.30184265586232
female,adult,healthy,26,177.8164771450971
female,child,healthy,23,204.74454005364913
female,adult,healthy,22,209.8129968067692
female,child,healthy,21,272.9261188640799
female,child,soar,22,197.7512354197241
female,child,soar,25,135.9706888499755
female,adult,soar,24,143.03440379744745
female,adult,soar,25,147.42572635226153
female,child,healthy,23,225.60365335614893
female,adult,healthy,21,231.6294748218309
female,adult,soar,25,80.87616871688772
female,adult,soar,23,183.17737904104064
female,adult,soar,24,160.06379440220468
female,adult,healthy,24,208.44378128994484
female,child,soar,23,171.38646517079536
female,adult,soar,22,104.20575577259844
female,child,healthy,24,163.87370599591065
female,child,soar,24,126.01432356089072
female,adult,healthy,24,224.24276113487954
female,child,soar,24,161.1541546262807
female,adult,healthy,25,216.03096420164556
female,adult,healthy,23,261.46880035280606
female,child,healthy,25,268.3983650273615
female,adult,healthy,22,163.68143991983936
female,adult,soar,24,139.1201802150209
female,child,soar,22,191.96642346142
female,adult,soar,22,157.10378708908252
female,adult,healthy,24,233.23124927278218
female,adult,healthy,23,185.63091644791558
female,child,soar,25,176.70306257473717
female,child,healthy,26,225.8396907469559
female,adult,soar,23,165.41293469108936
female,child,healthy,26,244.85363504412766
female,adult,healthy,25,235.70032862693486
female,child,soar,21,182.46169069343586
female,child,healthy,23,282.1541366136416
female,adult,healthy,23,206.4596538741167
female,child,soar,24,107.02063475804931
female,adult,soar,25,189.65731998727352
female,child,healthy,23,222.36732188254592
female,child,soar,22,160.8340512152106
female,adult,healthy,23,176.86544980506375
female,child,soar,21,139.76193812900294
female,child,healthy,23,251.5216398464825
female,child,healthy,25,308.674293719159
female,child,soar,25,179.48609769458872
female,adult,soar,23,114.83853512453683
female,adult,soar,27,161.12427480184436
female,adult,healthy,24,219.1088489830556
female,child,healthy,23,210.44685606224365
female,adult,healthy,24,290.2689439584523
female,child,soar,24,116.54658918437325
female,child,soar,22,190.1161838041155
female,child,soar,24,176.5609355179537
female,child,healthy,24,198.46750422935702
female,adult,soar,26,124.47092277805972
female,child,soar,22,127.20698221209784
female,adult,healthy,24,202.88515231240063
female,adult,soar,26,119.02626129086708
female,child,healthy,24,204.56818044224306
female,child,healthy,23,244.2764335372039
female,child,soar,25,132.1683505333134
female,child,healthy,23,206.46069627690855
female,child,soar,23,155.8531162620176
female,adult,healthy,27,160.63751766848927
female,child,soar,23,167.58643675955636
female,adult,soar,65,137.63933587617746
